{
  "GuidsCount": 9,
  "Name": "Velentr.BASE",
  "Description": "A generic library for an FNA/Monogame program that doesn't require any specific support for FNA or Monogame.",
  "Author": "Christian Webber",
  "Version": "2023-06-09",
  "Settings": {
    "DefaultAuthor": "<CurrentFullName>",
    "DefaultCompanyName": "<CurrentFullName>",
    "DefaultSolutionName": "GenericLibrary",
    "DefaultSolutionNameFormat": "<ParentDir>.",
    "DefaultDescription": "A library",
    "NugetSettings": {
      "AskForNugetInfo": true,
      "DefaultNugetLicense": "MIT",
      "DefaultNugetTags": "Velentr,"
    },
    "DirectoriesExcludedInPrepare": [
      "bin",
      "obj",
      ".vs",
      ".git",
      "fna",
      "fnalibs",
      "release"
    ],
    "RenameOnlyFilesAndDirectories": [
      "logo.png"
    ],
    "ReplacementText": [
      {
        "Item1": "Velentr.BASE",
        "Item2": "<ProjectName>"
      }
    ],
    "Commands": [],
    "Instructions": [],
    "CleanupFilesAndDirectories": []
  }
}