{
  "GuidsCount": 14,
  "Name": "Velentr.DUAL_SUPPORT",
  "Description": "A library with individual implementations for FNA and Monogame.",
  "Author": "Christian Webber",
  "Version": "2023-06-26",
  "Settings": {
    "DefaultAuthor": "<CurrentUserName>",
    "DefaultCompanyName": "<CurrentUserName>",
    "DefaultSolutionName": "GenericLibrary",
    "DefaultSolutionNameFormat": "<ParentDir>.",
    "DefaultDescription": "A library",
    "NugetSettings": {
      "AskForNugetInfo": true,
      "DefaultNugetLicense": "MIT",
      "DefaultNugetTags": "Velentr,"
    },
    "DirectoriesExcludedInPrepare": [
      "bin",
      "obj",
      ".vs",
      ".git",
      "fna",
      "FNA",
      "fnalibs",
      "release"
    ],
    "RenameOnlyFilesAndDirectories": [
      "logo.png",
      "install_fna.bat",
      "update_fna.bat",
      "Velentr.DevEnv.FNA",
      "Velentr.DevEnv.Monogame",
      "fna_updater"
    ],
    "ReplacementText": [
      {
        "Item1": "Velentr.DUAL_SUPPORT",
        "Item2": "<SolutionName>"
      }
    ],
    "Commands": [
      ".\\install_fna.bat"
    ],
    "CommandsMac": [],
    "CommandsLinux": [],
    "Instructions": [
      "The Velentr.DevEnv.FNA and Velentr.DevEnv.Monogame projects have not been linked fully due to unresolved issues automating this step. Please do so when opening the solution for the first time!",
      "To update FNA, run the `update_fna.bat` script"
    ],
    "CleanupFilesAndDirectories": []
  }
}